,classes,path,species
0,1,../Dataset/train/rabbits/rabbits000.jpg,0
1,1,../Dataset/train/rabbits/rabbits001.jpg,0
2,1,../Dataset/train/rabbits/rabbits002.jpg,0
3,1,../Dataset/train/rabbits/rabbits003.jpg,0
4,1,../Dataset/train/rabbits/rabbits004.jpg,0
5,1,../Dataset/train/rabbits/rabbits005.jpg,0
6,1,../Dataset/train/rabbits/rabbits006.jpg,0
7,1,../Dataset/train/rabbits/rabbits007.jpg,0
8,1,../Dataset/train/rabbits/rabbits008.jpg,0
9,1,../Dataset/train/rabbits/rabbits009.jpg,0
10,1,../Dataset/train/rabbits/rabbits010.jpg,0
11,1,../Dataset/train/rabbits/rabbits011.jpg,0
12,1,../Dataset/train/rabbits/rabbits012.jpg,0
13,1,../Dataset/train/rabbits/rabbits013.jpg,0
14,1,../Dataset/train/rabbits/rabbits014.jpg,0
15,1,../Dataset/train/rabbits/rabbits015.jpg,0
16,1,../Dataset/train/rabbits/rabbits016.jpg,0
17,1,../Dataset/train/rabbits/rabbits017.jpg,0
18,1,../Dataset/train/rabbits/rabbits018.jpg,0
19,1,../Dataset/train/rabbits/rabbits019.jpg,0
20,1,../Dataset/train/rabbits/rabbits020.jpg,0
21,1,../Dataset/train/rabbits/rabbits021.jpg,0
22,1,../Dataset/train/rabbits/rabbits022.jpg,0
23,1,../Dataset/train/rabbits/rabbits023.jpg,0
24,1,../Dataset/train/rabbits/rabbits024.jpg,0
25,1,../Dataset/train/rabbits/rabbits025.jpg,0
26,1,../Dataset/train/rabbits/rabbits026.jpg,0
27,1,../Dataset/train/rabbits/rabbits027.jpg,0
28,1,../Dataset/train/rabbits/rabbits028.jpg,0
29,1,../Dataset/train/rabbits/rabbits029.jpg,0
30,1,../Dataset/train/rabbits/rabbits030.jpg,0
31,1,../Dataset/train/rabbits/rabbits031.jpg,0
32,1,../Dataset/train/rabbits/rabbits032.jpg,0
33,1,../Dataset/train/rabbits/rabbits033.jpg,0
34,1,../Dataset/train/rabbits/rabbits034.jpg,0
35,1,../Dataset/train/rabbits/rabbits035.jpg,0
36,1,../Dataset/train/rabbits/rabbits036.jpg,0
37,1,../Dataset/train/rabbits/rabbits037.jpg,0
38,1,../Dataset/train/rabbits/rabbits038.jpg,0
39,1,../Dataset/train/rabbits/rabbits039.jpg,0
40,1,../Dataset/train/rabbits/rabbits040.jpg,0
41,1,../Dataset/train/rabbits/rabbits041.jpg,0
42,1,../Dataset/train/rabbits/rabbits042.jpg,0
43,1,../Dataset/train/rabbits/rabbits043.jpg,0
44,1,../Dataset/train/rabbits/rabbits044.jpg,0
45,1,../Dataset/train/rabbits/rabbits045.jpg,0
46,1,../Dataset/train/rabbits/rabbits046.jpg,0
47,1,../Dataset/train/rabbits/rabbits047.jpg,0
48,1,../Dataset/train/rabbits/rabbits048.jpg,0
49,1,../Dataset/train/rabbits/rabbits049.jpg,0
50,1,../Dataset/train/rabbits/rabbits050.jpg,0
51,1,../Dataset/train/rabbits/rabbits051.jpg,0
52,1,../Dataset/train/rabbits/rabbits052.jpg,0
53,1,../Dataset/train/rabbits/rabbits053.jpg,0
54,1,../Dataset/train/rabbits/rabbits054.jpg,0
55,1,../Dataset/train/rabbits/rabbits055.jpg,0
56,1,../Dataset/train/rabbits/rabbits056.jpg,0
57,1,../Dataset/train/rabbits/rabbits057.jpg,0
58,1,../Dataset/train/rabbits/rabbits058.jpg,0
59,1,../Dataset/train/rabbits/rabbits059.jpg,0
60,1,../Dataset/train/rabbits/rabbits060.jpg,0
61,1,../Dataset/train/rabbits/rabbits061.jpg,0
62,1,../Dataset/train/rabbits/rabbits062.jpg,0
63,1,../Dataset/train/rabbits/rabbits063.jpg,0
64,1,../Dataset/train/rabbits/rabbits064.jpg,0
65,1,../Dataset/train/rabbits/rabbits065.jpg,0
66,1,../Dataset/train/rabbits/rabbits066.jpg,0
67,1,../Dataset/train/rabbits/rabbits067.jpg,0
68,1,../Dataset/train/rabbits/rabbits068.jpg,0
69,1,../Dataset/train/rabbits/rabbits069.jpg,0
70,1,../Dataset/train/rabbits/rabbits070.jpg,0
71,1,../Dataset/train/rabbits/rabbits071.jpg,0
72,1,../Dataset/train/rabbits/rabbits072.jpg,0
73,1,../Dataset/train/rabbits/rabbits073.jpg,0
74,1,../Dataset/train/rabbits/rabbits074.jpg,0
75,1,../Dataset/train/rabbits/rabbits075.jpg,0
76,1,../Dataset/train/rabbits/rabbits076.jpg,0
77,1,../Dataset/train/rabbits/rabbits077.jpg,0
78,1,../Dataset/train/rabbits/rabbits078.jpg,0
79,1,../Dataset/train/rabbits/rabbits079.jpg,0
80,1,../Dataset/train/rabbits/rabbits080.jpg,0
81,1,../Dataset/train/rabbits/rabbits081.jpg,0
82,1,../Dataset/train/rabbits/rabbits082.jpg,0
83,1,../Dataset/train/rabbits/rabbits083.jpg,0
84,1,../Dataset/train/rabbits/rabbits084.jpg,0
85,1,../Dataset/train/rabbits/rabbits085.jpg,0
86,1,../Dataset/train/rabbits/rabbits086.jpg,0
87,1,../Dataset/train/rabbits/rabbits087.jpg,0
88,1,../Dataset/train/rabbits/rabbits088.jpg,0
89,1,../Dataset/train/rabbits/rabbits089.jpg,0
90,1,../Dataset/train/rabbits/rabbits090.jpg,0
91,1,../Dataset/train/rabbits/rabbits091.jpg,0
92,1,../Dataset/train/rabbits/rabbits092.jpg,0
93,1,../Dataset/train/rabbits/rabbits093.jpg,0
94,1,../Dataset/train/rabbits/rabbits094.jpg,0
95,1,../Dataset/train/rabbits/rabbits095.jpg,0
96,1,../Dataset/train/rabbits/rabbits096.jpg,0
97,1,../Dataset/train/rabbits/rabbits097.jpg,0
98,1,../Dataset/train/rabbits/rabbits098.jpg,0
99,1,../Dataset/train/rabbits/rabbits099.jpg,0
100,1,../Dataset/train/rabbits/rabbits100.jpg,0
101,1,../Dataset/train/rabbits/rabbits101.jpg,0
102,1,../Dataset/train/rabbits/rabbits102.jpg,0
103,1,../Dataset/train/rabbits/rabbits103.jpg,0
104,1,../Dataset/train/rabbits/rabbits104.jpg,0
105,1,../Dataset/train/rabbits/rabbits105.jpg,0
106,1,../Dataset/train/rabbits/rabbits106.jpg,0
107,1,../Dataset/train/rabbits/rabbits107.jpg,0
108,1,../Dataset/train/rabbits/rabbits108.jpg,0
109,1,../Dataset/train/rabbits/rabbits109.jpg,0
110,1,../Dataset/train/rabbits/rabbits110.jpg,0
111,1,../Dataset/train/rabbits/rabbits111.jpg,0
112,1,../Dataset/train/rabbits/rabbits112.jpg,0
113,1,../Dataset/train/rabbits/rabbits113.jpg,0
114,1,../Dataset/train/rabbits/rabbits114.jpg,0
115,1,../Dataset/train/rabbits/rabbits115.jpg,0
116,1,../Dataset/train/rabbits/rabbits116.jpg,0
117,1,../Dataset/train/rabbits/rabbits117.jpg,0
118,1,../Dataset/train/rabbits/rabbits118.jpg,0
119,1,../Dataset/train/rabbits/rabbits119.jpg,0
120,1,../Dataset/train/rabbits/rabbits120.jpg,0
121,1,../Dataset/train/rabbits/rabbits121.jpg,0
122,1,../Dataset/train/rabbits/rabbits122.jpg,0
123,1,../Dataset/train/rabbits/rabbits123.jpg,0
124,1,../Dataset/train/rabbits/rabbits124.jpg,0
125,1,../Dataset/train/rabbits/rabbits125.jpg,0
126,1,../Dataset/train/rabbits/rabbits126.jpg,0
127,1,../Dataset/train/rabbits/rabbits127.jpg,0
128,1,../Dataset/train/rabbits/rabbits128.jpg,0
129,1,../Dataset/train/rabbits/rabbits129.jpg,0
130,1,../Dataset/train/rabbits/rabbits130.jpg,0
131,1,../Dataset/train/rabbits/rabbits131.jpg,0
132,1,../Dataset/train/rabbits/rabbits132.jpg,0
133,1,../Dataset/train/rabbits/rabbits133.jpg,0
134,1,../Dataset/train/rabbits/rabbits134.jpg,0
135,1,../Dataset/train/rabbits/rabbits135.jpg,0
136,1,../Dataset/train/rabbits/rabbits136.jpg,0
137,1,../Dataset/train/rabbits/rabbits137.jpg,0
138,1,../Dataset/train/rabbits/rabbits138.jpg,0
139,1,../Dataset/train/rabbits/rabbits139.jpg,0
140,1,../Dataset/train/rabbits/rabbits140.jpg,0
141,1,../Dataset/train/rabbits/rabbits141.jpg,0
142,1,../Dataset/train/rabbits/rabbits142.jpg,0
143,1,../Dataset/train/rabbits/rabbits143.jpg,0
144,1,../Dataset/train/rabbits/rabbits144.jpg,0
145,1,../Dataset/train/rabbits/rabbits145.jpg,0
146,1,../Dataset/train/rabbits/rabbits146.jpg,0
147,1,../Dataset/train/rabbits/rabbits147.jpg,0
148,1,../Dataset/train/rabbits/rabbits148.jpg,0
149,1,../Dataset/train/rabbits/rabbits149.jpg,0
150,1,../Dataset/train/rabbits/rabbits150.jpg,0
151,1,../Dataset/train/rabbits/rabbits151.jpg,0
152,1,../Dataset/train/rabbits/rabbits152.jpg,0
153,1,../Dataset/train/rabbits/rabbits153.jpg,0
154,1,../Dataset/train/rabbits/rabbits154.jpg,0
155,1,../Dataset/train/rabbits/rabbits155.jpg,0
156,1,../Dataset/train/rabbits/rabbits156.jpg,0
157,1,../Dataset/train/rabbits/rabbits157.jpg,0
158,1,../Dataset/train/rabbits/rabbits158.jpg,0
159,1,../Dataset/train/rabbits/rabbits159.jpg,0
160,1,../Dataset/train/rabbits/rabbits160.jpg,0
161,1,../Dataset/train/rabbits/rabbits161.jpg,0
162,1,../Dataset/train/rabbits/rabbits162.jpg,0
163,1,../Dataset/train/rabbits/rabbits163.jpg,0
164,1,../Dataset/train/rabbits/rabbits164.jpg,0
165,1,../Dataset/train/rabbits/rabbits165.jpg,0
166,1,../Dataset/train/rabbits/rabbits166.jpg,0
167,1,../Dataset/train/rabbits/rabbits167.jpg,0
168,1,../Dataset/train/rabbits/rabbits168.jpg,0
169,1,../Dataset/train/rabbits/rabbits169.jpg,0
170,1,../Dataset/train/rabbits/rabbits170.jpg,0
171,1,../Dataset/train/rabbits/rabbits171.jpg,0
172,1,../Dataset/train/rabbits/rabbits172.jpg,0
173,1,../Dataset/train/rabbits/rabbits173.jpg,0
174,1,../Dataset/train/rabbits/rabbits174.jpg,0
175,1,../Dataset/train/rabbits/rabbits175.jpg,0
176,1,../Dataset/train/rabbits/rabbits176.jpg,0
177,1,../Dataset/train/rabbits/rabbits177.jpg,0
178,1,../Dataset/train/rabbits/rabbits178.jpg,0
179,1,../Dataset/train/rabbits/rabbits179.jpg,0
180,1,../Dataset/train/rabbits/rabbits180.jpg,0
181,1,../Dataset/train/rabbits/rabbits181.jpg,0
182,1,../Dataset/train/rabbits/rabbits182.jpg,0
183,1,../Dataset/train/rabbits/rabbits183.jpg,0
184,1,../Dataset/train/rabbits/rabbits184.jpg,0
185,1,../Dataset/train/rabbits/rabbits185.jpg,0
186,1,../Dataset/train/rabbits/rabbits186.jpg,0
187,1,../Dataset/train/rabbits/rabbits187.jpg,0
188,1,../Dataset/train/rabbits/rabbits188.jpg,0
189,1,../Dataset/train/rabbits/rabbits189.jpg,0
190,1,../Dataset/train/rabbits/rabbits190.jpg,0
191,1,../Dataset/train/rabbits/rabbits191.jpg,0
192,1,../Dataset/train/rabbits/rabbits192.jpg,0
193,1,../Dataset/train/rabbits/rabbits193.jpg,0
194,1,../Dataset/train/rabbits/rabbits194.jpg,0
195,1,../Dataset/train/rabbits/rabbits195.jpg,0
196,1,../Dataset/train/rabbits/rabbits196.jpg,0
197,1,../Dataset/train/rabbits/rabbits197.jpg,0
198,1,../Dataset/train/rabbits/rabbits198.jpg,0
199,1,../Dataset/train/rabbits/rabbits199.jpg,0
200,1,../Dataset/train/rabbits/rabbits200.jpg,0
201,1,../Dataset/train/rabbits/rabbits201.jpg,0
202,1,../Dataset/train/rabbits/rabbits202.jpg,0
203,1,../Dataset/train/rabbits/rabbits203.jpg,0
204,1,../Dataset/train/rabbits/rabbits204.jpg,0
205,1,../Dataset/train/rabbits/rabbits205.jpg,0
206,1,../Dataset/train/rabbits/rabbits206.jpg,0
207,1,../Dataset/train/rabbits/rabbits207.jpg,0
208,1,../Dataset/train/rabbits/rabbits208.jpg,0
209,1,../Dataset/train/rabbits/rabbits209.jpg,0
210,1,../Dataset/train/rabbits/rabbits210.jpg,0
211,1,../Dataset/train/rabbits/rabbits211.jpg,0
212,1,../Dataset/train/rabbits/rabbits212.jpg,0
213,1,../Dataset/train/rabbits/rabbits213.jpg,0
214,1,../Dataset/train/rabbits/rabbits214.jpg,0
215,1,../Dataset/train/rabbits/rabbits215.jpg,0
216,1,../Dataset/train/rabbits/rabbits216.jpg,0
217,1,../Dataset/train/rabbits/rabbits217.jpg,0
218,1,../Dataset/train/rabbits/rabbits218.jpg,0
219,1,../Dataset/train/rabbits/rabbits219.jpg,0
220,1,../Dataset/train/rabbits/rabbits220.jpg,0
221,1,../Dataset/train/rabbits/rabbits221.jpg,0
222,1,../Dataset/train/rabbits/rabbits222.jpg,0
223,1,../Dataset/train/rabbits/rabbits223.jpg,0
224,1,../Dataset/train/rabbits/rabbits224.jpg,0
225,1,../Dataset/train/rabbits/rabbits225.jpg,0
226,1,../Dataset/train/rabbits/rabbits226.jpg,0
227,1,../Dataset/train/rabbits/rabbits227.jpg,0
228,1,../Dataset/train/rabbits/rabbits228.jpg,0
229,1,../Dataset/train/rabbits/rabbits229.jpg,0
230,1,../Dataset/train/rabbits/rabbits230.jpg,0
231,1,../Dataset/train/rabbits/rabbits231.jpg,0
232,1,../Dataset/train/rabbits/rabbits232.jpg,0
233,1,../Dataset/train/rabbits/rabbits233.jpg,0
234,1,../Dataset/train/rabbits/rabbits234.jpg,0
235,1,../Dataset/train/rabbits/rabbits235.jpg,0
236,1,../Dataset/train/rabbits/rabbits236.jpg,0
237,1,../Dataset/train/rabbits/rabbits237.jpg,0
238,1,../Dataset/train/rabbits/rabbits238.jpg,0
239,1,../Dataset/train/rabbits/rabbits239.jpg,0
240,1,../Dataset/train/rabbits/rabbits240.jpg,0
241,1,../Dataset/train/rabbits/rabbits241.jpg,0
242,1,../Dataset/train/rabbits/rabbits242.jpg,0
243,1,../Dataset/train/rabbits/rabbits243.jpg,0
244,1,../Dataset/train/rabbits/rabbits244.jpg,0
245,1,../Dataset/train/rabbits/rabbits245.jpg,0
246,1,../Dataset/train/rabbits/rabbits246.jpg,0
247,1,../Dataset/train/rabbits/rabbits247.jpg,0
248,1,../Dataset/train/rabbits/rabbits248.jpg,0
249,1,../Dataset/train/rabbits/rabbits249.jpg,0
250,1,../Dataset/train/rabbits/rabbits250.jpg,0
251,1,../Dataset/train/rabbits/rabbits251.jpg,0
252,0,../Dataset/train/rats/rats000.jpg,1
253,0,../Dataset/train/rats/rats001.jpg,1
254,0,../Dataset/train/rats/rats002.jpg,1
255,0,../Dataset/train/rats/rats003.jpg,1
256,0,../Dataset/train/rats/rats004.jpg,1
257,0,../Dataset/train/rats/rats005.jpg,1
258,0,../Dataset/train/rats/rats006.jpg,1
259,0,../Dataset/train/rats/rats007.jpg,1
260,0,../Dataset/train/rats/rats008.jpg,1
261,0,../Dataset/train/rats/rats009.jpg,1
262,0,../Dataset/train/rats/rats010.jpg,1
263,0,../Dataset/train/rats/rats011.jpg,1
264,0,../Dataset/train/rats/rats012.jpg,1
265,0,../Dataset/train/rats/rats013.jpg,1
266,0,../Dataset/train/rats/rats014.jpg,1
267,0,../Dataset/train/rats/rats015.jpg,1
268,0,../Dataset/train/rats/rats016.jpg,1
269,0,../Dataset/train/rats/rats017.jpg,1
270,0,../Dataset/train/rats/rats018.jpg,1
271,0,../Dataset/train/rats/rats019.jpg,1
272,0,../Dataset/train/rats/rats020.jpg,1
273,0,../Dataset/train/rats/rats021.jpg,1
274,0,../Dataset/train/rats/rats022.jpg,1
275,0,../Dataset/train/rats/rats023.jpg,1
276,0,../Dataset/train/rats/rats024.jpg,1
277,0,../Dataset/train/rats/rats025.jpg,1
278,0,../Dataset/train/rats/rats026.jpg,1
279,0,../Dataset/train/rats/rats027.jpg,1
280,0,../Dataset/train/rats/rats028.jpg,1
281,0,../Dataset/train/rats/rats029.jpg,1
282,0,../Dataset/train/rats/rats030.jpg,1
283,0,../Dataset/train/rats/rats031.jpg,1
284,0,../Dataset/train/rats/rats032.jpg,1
285,0,../Dataset/train/rats/rats033.jpg,1
286,0,../Dataset/train/rats/rats034.jpg,1
287,0,../Dataset/train/rats/rats035.jpg,1
288,0,../Dataset/train/rats/rats036.jpg,1
289,0,../Dataset/train/rats/rats037.jpg,1
290,0,../Dataset/train/rats/rats038.jpg,1
291,0,../Dataset/train/rats/rats039.jpg,1
292,0,../Dataset/train/rats/rats040.jpg,1
293,0,../Dataset/train/rats/rats041.jpg,1
294,0,../Dataset/train/rats/rats042.jpg,1
295,0,../Dataset/train/rats/rats043.jpg,1
296,0,../Dataset/train/rats/rats044.jpg,1
297,0,../Dataset/train/rats/rats045.jpg,1
298,0,../Dataset/train/rats/rats046.jpg,1
299,0,../Dataset/train/rats/rats047.jpg,1
300,0,../Dataset/train/rats/rats048.jpg,1
301,0,../Dataset/train/rats/rats049.jpg,1
302,0,../Dataset/train/rats/rats050.jpg,1
303,0,../Dataset/train/rats/rats051.jpg,1
304,0,../Dataset/train/rats/rats052.jpg,1
305,0,../Dataset/train/rats/rats053.jpg,1
306,0,../Dataset/train/rats/rats054.jpg,1
307,0,../Dataset/train/rats/rats055.jpg,1
308,0,../Dataset/train/rats/rats056.jpg,1
309,0,../Dataset/train/rats/rats057.jpg,1
310,0,../Dataset/train/rats/rats058.jpg,1
311,0,../Dataset/train/rats/rats059.jpg,1
312,0,../Dataset/train/rats/rats060.jpg,1
313,0,../Dataset/train/rats/rats061.jpg,1
314,0,../Dataset/train/rats/rats062.jpg,1
315,0,../Dataset/train/rats/rats063.jpg,1
316,0,../Dataset/train/rats/rats064.jpg,1
317,0,../Dataset/train/rats/rats065.jpg,1
318,0,../Dataset/train/rats/rats066.jpg,1
319,0,../Dataset/train/rats/rats067.jpg,1
320,0,../Dataset/train/rats/rats068.jpg,1
321,0,../Dataset/train/rats/rats069.jpg,1
322,0,../Dataset/train/rats/rats070.jpg,1
323,0,../Dataset/train/rats/rats071.jpg,1
324,0,../Dataset/train/rats/rats072.jpg,1
325,0,../Dataset/train/rats/rats073.jpg,1
326,0,../Dataset/train/rats/rats074.jpg,1
327,0,../Dataset/train/rats/rats075.jpg,1
328,0,../Dataset/train/rats/rats076.jpg,1
329,0,../Dataset/train/rats/rats077.jpg,1
330,0,../Dataset/train/rats/rats078.jpg,1
331,0,../Dataset/train/rats/rats079.jpg,1
332,0,../Dataset/train/rats/rats080.jpg,1
333,0,../Dataset/train/rats/rats081.jpg,1
334,0,../Dataset/train/rats/rats082.jpg,1
335,0,../Dataset/train/rats/rats083.jpg,1
336,0,../Dataset/train/rats/rats084.jpg,1
337,0,../Dataset/train/rats/rats085.jpg,1
338,0,../Dataset/train/rats/rats086.jpg,1
339,0,../Dataset/train/rats/rats087.jpg,1
340,0,../Dataset/train/rats/rats088.jpg,1
341,0,../Dataset/train/rats/rats089.jpg,1
342,0,../Dataset/train/rats/rats090.jpg,1
343,0,../Dataset/train/rats/rats091.jpg,1
344,0,../Dataset/train/rats/rats092.jpg,1
345,0,../Dataset/train/rats/rats093.jpg,1
346,0,../Dataset/train/rats/rats094.jpg,1
347,0,../Dataset/train/rats/rats095.jpg,1
348,0,../Dataset/train/rats/rats096.jpg,1
349,0,../Dataset/train/rats/rats097.jpg,1
350,0,../Dataset/train/rats/rats098.jpg,1
351,0,../Dataset/train/rats/rats099.jpg,1
352,0,../Dataset/train/rats/rats100.jpg,1
353,0,../Dataset/train/rats/rats101.jpg,1
354,0,../Dataset/train/rats/rats102.jpg,1
355,0,../Dataset/train/rats/rats103.jpg,1
356,0,../Dataset/train/rats/rats104.jpg,1
357,0,../Dataset/train/rats/rats105.jpg,1
358,0,../Dataset/train/rats/rats106.jpg,1
359,0,../Dataset/train/rats/rats107.jpg,1
360,0,../Dataset/train/rats/rats108.jpg,1
361,0,../Dataset/train/rats/rats109.jpg,1
362,0,../Dataset/train/rats/rats110.jpg,1
363,0,../Dataset/train/rats/rats111.jpg,1
364,0,../Dataset/train/rats/rats112.jpg,1
365,0,../Dataset/train/rats/rats113.jpg,1
366,0,../Dataset/train/rats/rats114.jpg,1
367,0,../Dataset/train/rats/rats115.jpg,1
368,0,../Dataset/train/rats/rats116.jpg,1
369,0,../Dataset/train/rats/rats117.jpg,1
370,0,../Dataset/train/rats/rats118.jpg,1
371,0,../Dataset/train/rats/rats119.jpg,1
372,0,../Dataset/train/rats/rats120.jpg,1
373,0,../Dataset/train/rats/rats121.jpg,1
374,0,../Dataset/train/rats/rats122.jpg,1
375,0,../Dataset/train/rats/rats123.jpg,1
376,0,../Dataset/train/rats/rats124.jpg,1
377,0,../Dataset/train/rats/rats125.jpg,1
378,0,../Dataset/train/rats/rats126.jpg,1
379,0,../Dataset/train/rats/rats127.jpg,1
380,0,../Dataset/train/rats/rats128.jpg,1
381,0,../Dataset/train/rats/rats129.jpg,1
382,0,../Dataset/train/rats/rats130.jpg,1
383,0,../Dataset/train/rats/rats131.jpg,1
384,0,../Dataset/train/rats/rats132.jpg,1
385,0,../Dataset/train/rats/rats133.jpg,1
386,0,../Dataset/train/rats/rats134.jpg,1
387,0,../Dataset/train/rats/rats135.jpg,1
388,0,../Dataset/train/rats/rats136.jpg,1
389,0,../Dataset/train/rats/rats137.jpg,1
390,0,../Dataset/train/rats/rats138.jpg,1
391,0,../Dataset/train/rats/rats139.jpg,1
392,0,../Dataset/train/rats/rats140.jpg,1
393,0,../Dataset/train/rats/rats141.jpg,1
394,0,../Dataset/train/rats/rats142.jpg,1
395,0,../Dataset/train/rats/rats143.jpg,1
396,0,../Dataset/train/rats/rats144.jpg,1
397,0,../Dataset/train/rats/rats145.jpg,1
398,0,../Dataset/train/rats/rats146.jpg,1
399,0,../Dataset/train/rats/rats147.jpg,1
400,0,../Dataset/train/rats/rats148.jpg,1
401,0,../Dataset/train/rats/rats149.jpg,1
402,0,../Dataset/train/rats/rats150.jpg,1
403,0,../Dataset/train/rats/rats151.jpg,1
404,0,../Dataset/train/rats/rats152.jpg,1
405,0,../Dataset/train/rats/rats153.jpg,1
406,0,../Dataset/train/rats/rats154.jpg,1
407,0,../Dataset/train/rats/rats155.jpg,1
408,0,../Dataset/train/rats/rats156.jpg,1
409,0,../Dataset/train/rats/rats157.jpg,1
410,0,../Dataset/train/rats/rats158.jpg,1
411,0,../Dataset/train/rats/rats159.jpg,1
412,0,../Dataset/train/rats/rats160.jpg,1
413,0,../Dataset/train/rats/rats161.jpg,1
414,0,../Dataset/train/rats/rats162.jpg,1
415,0,../Dataset/train/rats/rats163.jpg,1
416,0,../Dataset/train/rats/rats164.jpg,1
417,0,../Dataset/train/rats/rats165.jpg,1
418,0,../Dataset/train/rats/rats166.jpg,1
419,0,../Dataset/train/rats/rats167.jpg,1
420,0,../Dataset/train/rats/rats168.jpg,1
421,0,../Dataset/train/rats/rats169.jpg,1
422,0,../Dataset/train/rats/rats170.jpg,1
423,0,../Dataset/train/rats/rats171.jpg,1
424,0,../Dataset/train/rats/rats172.jpg,1
425,0,../Dataset/train/rats/rats173.jpg,1
426,0,../Dataset/train/rats/rats174.jpg,1
427,0,../Dataset/train/rats/rats175.jpg,1
428,0,../Dataset/train/rats/rats176.jpg,1
429,0,../Dataset/train/rats/rats177.jpg,1
430,0,../Dataset/train/rats/rats178.jpg,1
431,0,../Dataset/train/rats/rats179.jpg,1
432,0,../Dataset/train/rats/rats180.jpg,1
433,0,../Dataset/train/rats/rats181.jpg,1
434,0,../Dataset/train/rats/rats182.jpg,1
435,0,../Dataset/train/rats/rats183.jpg,1
436,0,../Dataset/train/rats/rats184.jpg,1
437,0,../Dataset/train/rats/rats185.jpg,1
438,0,../Dataset/train/rats/rats186.jpg,1
439,0,../Dataset/train/rats/rats187.jpg,1
440,0,../Dataset/train/rats/rats188.jpg,1
441,0,../Dataset/train/rats/rats189.jpg,1
442,0,../Dataset/train/rats/rats190.jpg,1
443,0,../Dataset/train/rats/rats191.jpg,1
444,0,../Dataset/train/rats/rats192.jpg,1
445,0,../Dataset/train/rats/rats193.jpg,1
446,0,../Dataset/train/rats/rats194.jpg,1
447,0,../Dataset/train/rats/rats195.jpg,1
448,0,../Dataset/train/rats/rats196.jpg,1
449,0,../Dataset/train/rats/rats197.jpg,1
450,0,../Dataset/train/rats/rats198.jpg,1
451,0,../Dataset/train/rats/rats199.jpg,1
452,0,../Dataset/train/rats/rats200.jpg,1
453,0,../Dataset/train/rats/rats201.jpg,1
454,0,../Dataset/train/rats/rats202.jpg,1
455,0,../Dataset/train/rats/rats203.jpg,1
456,0,../Dataset/train/rats/rats204.jpg,1
457,0,../Dataset/train/rats/rats205.jpg,1
458,0,../Dataset/train/rats/rats206.jpg,1
459,0,../Dataset/train/chickens/chickens000.jpg,2
460,0,../Dataset/train/chickens/chickens001.jpg,2
461,0,../Dataset/train/chickens/chickens002.jpg,2
462,0,../Dataset/train/chickens/chickens003.jpg,2
463,0,../Dataset/train/chickens/chickens004.jpg,2
464,0,../Dataset/train/chickens/chickens005.jpg,2
465,0,../Dataset/train/chickens/chickens006.jpg,2
466,0,../Dataset/train/chickens/chickens007.jpg,2
467,0,../Dataset/train/chickens/chickens008.jpg,2
468,0,../Dataset/train/chickens/chickens009.jpg,2
469,0,../Dataset/train/chickens/chickens010.jpg,2
470,0,../Dataset/train/chickens/chickens011.jpg,2
471,0,../Dataset/train/chickens/chickens012.jpg,2
472,0,../Dataset/train/chickens/chickens013.jpg,2
473,0,../Dataset/train/chickens/chickens014.jpg,2
474,0,../Dataset/train/chickens/chickens015.jpg,2
475,0,../Dataset/train/chickens/chickens016.jpg,2
476,0,../Dataset/train/chickens/chickens017.jpg,2
477,0,../Dataset/train/chickens/chickens018.jpg,2
478,0,../Dataset/train/chickens/chickens019.jpg,2
479,0,../Dataset/train/chickens/chickens020.jpg,2
480,0,../Dataset/train/chickens/chickens021.jpg,2
481,0,../Dataset/train/chickens/chickens022.jpg,2
482,0,../Dataset/train/chickens/chickens023.jpg,2
483,0,../Dataset/train/chickens/chickens024.jpg,2
484,0,../Dataset/train/chickens/chickens025.jpg,2
485,0,../Dataset/train/chickens/chickens026.jpg,2
486,0,../Dataset/train/chickens/chickens027.jpg,2
487,0,../Dataset/train/chickens/chickens028.jpg,2
488,0,../Dataset/train/chickens/chickens029.jpg,2
489,0,../Dataset/train/chickens/chickens030.jpg,2
490,0,../Dataset/train/chickens/chickens031.jpg,2
491,0,../Dataset/train/chickens/chickens032.jpg,2
492,0,../Dataset/train/chickens/chickens033.jpg,2
493,0,../Dataset/train/chickens/chickens034.jpg,2
494,0,../Dataset/train/chickens/chickens035.jpg,2
495,0,../Dataset/train/chickens/chickens036.jpg,2
496,0,../Dataset/train/chickens/chickens037.jpg,2
497,0,../Dataset/train/chickens/chickens038.jpg,2
498,0,../Dataset/train/chickens/chickens039.jpg,2
499,0,../Dataset/train/chickens/chickens040.jpg,2
500,0,../Dataset/train/chickens/chickens041.jpg,2
501,0,../Dataset/train/chickens/chickens042.jpg,2
502,0,../Dataset/train/chickens/chickens043.jpg,2
503,0,../Dataset/train/chickens/chickens044.jpg,2
504,0,../Dataset/train/chickens/chickens045.jpg,2
505,0,../Dataset/train/chickens/chickens046.jpg,2
506,0,../Dataset/train/chickens/chickens047.jpg,2
507,0,../Dataset/train/chickens/chickens048.jpg,2
508,0,../Dataset/train/chickens/chickens049.jpg,2
509,0,../Dataset/train/chickens/chickens050.jpg,2
510,0,../Dataset/train/chickens/chickens051.jpg,2
511,0,../Dataset/train/chickens/chickens052.jpg,2
512,0,../Dataset/train/chickens/chickens053.jpg,2
513,0,../Dataset/train/chickens/chickens054.jpg,2
514,0,../Dataset/train/chickens/chickens055.jpg,2
515,0,../Dataset/train/chickens/chickens056.jpg,2
516,0,../Dataset/train/chickens/chickens057.jpg,2
517,0,../Dataset/train/chickens/chickens058.jpg,2
518,0,../Dataset/train/chickens/chickens059.jpg,2
519,0,../Dataset/train/chickens/chickens060.jpg,2
520,0,../Dataset/train/chickens/chickens061.jpg,2
521,0,../Dataset/train/chickens/chickens062.jpg,2
522,0,../Dataset/train/chickens/chickens063.jpg,2
523,0,../Dataset/train/chickens/chickens064.jpg,2
524,0,../Dataset/train/chickens/chickens065.jpg,2
525,0,../Dataset/train/chickens/chickens066.jpg,2
526,0,../Dataset/train/chickens/chickens067.jpg,2
527,0,../Dataset/train/chickens/chickens068.jpg,2
528,0,../Dataset/train/chickens/chickens069.jpg,2
529,0,../Dataset/train/chickens/chickens070.jpg,2
530,0,../Dataset/train/chickens/chickens071.jpg,2
531,0,../Dataset/train/chickens/chickens072.jpg,2
532,0,../Dataset/train/chickens/chickens073.jpg,2
533,0,../Dataset/train/chickens/chickens074.jpg,2
534,0,../Dataset/train/chickens/chickens075.jpg,2
535,0,../Dataset/train/chickens/chickens076.jpg,2
536,0,../Dataset/train/chickens/chickens077.jpg,2
537,0,../Dataset/train/chickens/chickens078.jpg,2
538,0,../Dataset/train/chickens/chickens079.jpg,2
539,0,../Dataset/train/chickens/chickens080.jpg,2
540,0,../Dataset/train/chickens/chickens081.jpg,2
541,0,../Dataset/train/chickens/chickens082.jpg,2
542,0,../Dataset/train/chickens/chickens083.jpg,2
543,0,../Dataset/train/chickens/chickens084.jpg,2
544,0,../Dataset/train/chickens/chickens085.jpg,2
545,0,../Dataset/train/chickens/chickens086.jpg,2
546,0,../Dataset/train/chickens/chickens087.jpg,2
547,0,../Dataset/train/chickens/chickens088.jpg,2
548,0,../Dataset/train/chickens/chickens089.jpg,2
549,0,../Dataset/train/chickens/chickens090.jpg,2
550,0,../Dataset/train/chickens/chickens091.jpg,2
551,0,../Dataset/train/chickens/chickens092.jpg,2
552,0,../Dataset/train/chickens/chickens093.jpg,2
553,0,../Dataset/train/chickens/chickens094.jpg,2
554,0,../Dataset/train/chickens/chickens095.jpg,2
555,0,../Dataset/train/chickens/chickens096.jpg,2
556,0,../Dataset/train/chickens/chickens097.jpg,2
557,0,../Dataset/train/chickens/chickens098.jpg,2
558,0,../Dataset/train/chickens/chickens099.jpg,2
559,0,../Dataset/train/chickens/chickens100.jpg,2
560,0,../Dataset/train/chickens/chickens101.jpg,2
561,0,../Dataset/train/chickens/chickens102.jpg,2
562,0,../Dataset/train/chickens/chickens103.jpg,2
563,0,../Dataset/train/chickens/chickens104.jpg,2
564,0,../Dataset/train/chickens/chickens105.jpg,2
565,0,../Dataset/train/chickens/chickens106.jpg,2
566,0,../Dataset/train/chickens/chickens107.jpg,2
567,0,../Dataset/train/chickens/chickens108.jpg,2
568,0,../Dataset/train/chickens/chickens109.jpg,2
569,0,../Dataset/train/chickens/chickens110.jpg,2
570,0,../Dataset/train/chickens/chickens111.jpg,2
571,0,../Dataset/train/chickens/chickens112.jpg,2
572,0,../Dataset/train/chickens/chickens113.jpg,2
573,0,../Dataset/train/chickens/chickens114.jpg,2
574,0,../Dataset/train/chickens/chickens115.jpg,2
575,0,../Dataset/train/chickens/chickens116.jpg,2
576,0,../Dataset/train/chickens/chickens117.jpg,2
577,0,../Dataset/train/chickens/chickens118.jpg,2
578,0,../Dataset/train/chickens/chickens119.jpg,2
579,0,../Dataset/train/chickens/chickens120.jpg,2
580,0,../Dataset/train/chickens/chickens121.jpg,2
581,0,../Dataset/train/chickens/chickens122.jpg,2
582,0,../Dataset/train/chickens/chickens123.jpg,2
583,0,../Dataset/train/chickens/chickens124.jpg,2
584,0,../Dataset/train/chickens/chickens125.jpg,2
585,0,../Dataset/train/chickens/chickens126.jpg,2
586,0,../Dataset/train/chickens/chickens127.jpg,2
587,0,../Dataset/train/chickens/chickens128.jpg,2
588,0,../Dataset/train/chickens/chickens129.jpg,2
589,0,../Dataset/train/chickens/chickens130.jpg,2
590,0,../Dataset/train/chickens/chickens131.jpg,2
591,0,../Dataset/train/chickens/chickens132.jpg,2
592,0,../Dataset/train/chickens/chickens133.jpg,2
593,0,../Dataset/train/chickens/chickens134.jpg,2
594,0,../Dataset/train/chickens/chickens135.jpg,2
595,0,../Dataset/train/chickens/chickens136.jpg,2
596,0,../Dataset/train/chickens/chickens137.jpg,2
597,0,../Dataset/train/chickens/chickens138.jpg,2
598,0,../Dataset/train/chickens/chickens139.jpg,2
599,0,../Dataset/train/chickens/chickens140.jpg,2
600,0,../Dataset/train/chickens/chickens141.jpg,2
601,0,../Dataset/train/chickens/chickens142.jpg,2
602,0,../Dataset/train/chickens/chickens143.jpg,2
603,0,../Dataset/train/chickens/chickens144.jpg,2
604,0,../Dataset/train/chickens/chickens145.jpg,2
605,0,../Dataset/train/chickens/chickens146.jpg,2
606,0,../Dataset/train/chickens/chickens147.jpg,2
607,0,../Dataset/train/chickens/chickens148.jpg,2
608,0,../Dataset/train/chickens/chickens149.jpg,2
609,0,../Dataset/train/chickens/chickens150.jpg,2
610,0,../Dataset/train/chickens/chickens151.jpg,2
611,0,../Dataset/train/chickens/chickens152.jpg,2
612,0,../Dataset/train/chickens/chickens153.jpg,2
613,0,../Dataset/train/chickens/chickens154.jpg,2
614,0,../Dataset/train/chickens/chickens155.jpg,2
615,0,../Dataset/train/chickens/chickens156.jpg,2
616,0,../Dataset/train/chickens/chickens157.jpg,2
617,0,../Dataset/train/chickens/chickens158.jpg,2
618,0,../Dataset/train/chickens/chickens159.jpg,2
619,0,../Dataset/train/chickens/chickens160.jpg,2
620,0,../Dataset/train/chickens/chickens161.jpg,2
621,0,../Dataset/train/chickens/chickens162.jpg,2
622,0,../Dataset/train/chickens/chickens163.jpg,2
623,0,../Dataset/train/chickens/chickens164.jpg,2
624,0,../Dataset/train/chickens/chickens165.jpg,2
625,0,../Dataset/train/chickens/chickens166.jpg,2
626,0,../Dataset/train/chickens/chickens167.jpg,2
627,0,../Dataset/train/chickens/chickens168.jpg,2
628,0,../Dataset/train/chickens/chickens169.jpg,2
629,0,../Dataset/train/chickens/chickens170.jpg,2
630,0,../Dataset/train/chickens/chickens171.jpg,2
631,0,../Dataset/train/chickens/chickens172.jpg,2
632,0,../Dataset/train/chickens/chickens173.jpg,2
633,0,../Dataset/train/chickens/chickens174.jpg,2
634,0,../Dataset/train/chickens/chickens175.jpg,2
635,0,../Dataset/train/chickens/chickens176.jpg,2
636,0,../Dataset/train/chickens/chickens177.jpg,2
637,0,../Dataset/train/chickens/chickens178.jpg,2
638,0,../Dataset/train/chickens/chickens179.jpg,2
639,0,../Dataset/train/chickens/chickens180.jpg,2
640,0,../Dataset/train/chickens/chickens181.jpg,2
641,0,../Dataset/train/chickens/chickens182.jpg,2
642,0,../Dataset/train/chickens/chickens183.jpg,2
643,0,../Dataset/train/chickens/chickens184.jpg,2
644,0,../Dataset/train/chickens/chickens185.jpg,2
645,0,../Dataset/train/chickens/chickens186.jpg,2
646,0,../Dataset/train/chickens/chickens187.jpg,2
647,0,../Dataset/train/chickens/chickens188.jpg,2
648,0,../Dataset/train/chickens/chickens189.jpg,2
649,0,../Dataset/train/chickens/chickens190.jpg,2
650,0,../Dataset/train/chickens/chickens191.jpg,2
651,0,../Dataset/train/chickens/chickens192.jpg,2
652,0,../Dataset/train/chickens/chickens193.jpg,2
653,0,../Dataset/train/chickens/chickens194.jpg,2
654,0,../Dataset/train/chickens/chickens195.jpg,2
655,0,../Dataset/train/chickens/chickens196.jpg,2
656,0,../Dataset/train/chickens/chickens197.jpg,2
657,0,../Dataset/train/chickens/chickens198.jpg,2
658,0,../Dataset/train/chickens/chickens199.jpg,2
659,0,../Dataset/train/chickens/chickens200.jpg,2
660,0,../Dataset/train/chickens/chickens201.jpg,2
661,0,../Dataset/train/chickens/chickens202.jpg,2
662,0,../Dataset/train/chickens/chickens203.jpg,2
663,0,../Dataset/train/chickens/chickens204.jpg,2
664,0,../Dataset/train/chickens/chickens205.jpg,2
665,0,../Dataset/train/chickens/chickens206.jpg,2
666,0,../Dataset/train/chickens/chickens207.jpg,2
667,0,../Dataset/train/chickens/chickens208.jpg,2
668,0,../Dataset/train/chickens/chickens209.jpg,2
669,0,../Dataset/train/chickens/chickens210.jpg,2
670,0,../Dataset/train/chickens/chickens211.jpg,2
671,0,../Dataset/train/chickens/chickens212.jpg,2
672,0,../Dataset/train/chickens/chickens213.jpg,2
673,0,../Dataset/train/chickens/chickens214.jpg,2
674,0,../Dataset/train/chickens/chickens215.jpg,2
675,0,../Dataset/train/chickens/chickens216.jpg,2
676,0,../Dataset/train/chickens/chickens217.jpg,2
677,0,../Dataset/train/chickens/chickens218.jpg,2
678,0,../Dataset/train/chickens/chickens219.jpg,2
679,0,../Dataset/train/chickens/chickens220.jpg,2
680,0,../Dataset/train/chickens/chickens221.jpg,2
681,0,../Dataset/train/chickens/chickens222.jpg,2
682,0,../Dataset/train/chickens/chickens223.jpg,2
683,0,../Dataset/train/chickens/chickens224.jpg,2
684,0,../Dataset/train/chickens/chickens225.jpg,2
685,0,../Dataset/train/chickens/chickens226.jpg,2
686,0,../Dataset/train/chickens/chickens227.jpg,2
687,0,../Dataset/train/chickens/chickens228.jpg,2
688,0,../Dataset/train/chickens/chickens229.jpg,2
689,0,../Dataset/train/chickens/chickens230.jpg,2
690,0,../Dataset/train/chickens/chickens231.jpg,2
691,0,../Dataset/train/chickens/chickens232.jpg,2
692,0,../Dataset/train/chickens/chickens233.jpg,2
693,0,../Dataset/train/chickens/chickens234.jpg,2
694,0,../Dataset/train/chickens/chickens235.jpg,2
695,0,../Dataset/train/chickens/chickens236.jpg,2
696,0,../Dataset/train/chickens/chickens237.jpg,2
697,0,../Dataset/train/chickens/chickens238.jpg,2
698,0,../Dataset/train/chickens/chickens239.jpg,2
699,0,../Dataset/train/chickens/chickens240.jpg,2
700,0,../Dataset/train/chickens/chickens241.jpg,2
701,0,../Dataset/train/chickens/chickens242.jpg,2
702,0,../Dataset/train/chickens/chickens243.jpg,2
703,0,../Dataset/train/chickens/chickens244.jpg,2
704,0,../Dataset/train/chickens/chickens245.jpg,2
705,0,../Dataset/train/chickens/chickens246.jpg,2
706,0,../Dataset/train/chickens/chickens247.jpg,2
707,0,../Dataset/train/chickens/chickens248.jpg,2
708,0,../Dataset/train/chickens/chickens249.jpg,2
709,0,../Dataset/train/chickens/chickens250.jpg,2
710,0,../Dataset/train/chickens/chickens251.jpg,2
711,0,../Dataset/train/chickens/chickens252.jpg,2
712,0,../Dataset/train/chickens/chickens253.jpg,2
713,0,../Dataset/train/chickens/chickens254.jpg,2
714,0,../Dataset/train/chickens/chickens255.jpg,2
715,0,../Dataset/train/chickens/chickens256.jpg,2
716,0,../Dataset/train/chickens/chickens257.jpg,2
717,0,../Dataset/train/chickens/chickens258.jpg,2
718,0,../Dataset/train/chickens/chickens259.jpg,2
719,0,../Dataset/train/chickens/chickens260.jpg,2
720,0,../Dataset/train/chickens/chickens261.jpg,2
721,0,../Dataset/train/chickens/chickens262.jpg,2
722,0,../Dataset/train/chickens/chickens263.jpg,2
723,0,../Dataset/train/chickens/chickens264.jpg,2
724,0,../Dataset/train/chickens/chickens265.jpg,2
725,0,../Dataset/train/chickens/chickens266.jpg,2
726,0,../Dataset/train/chickens/chickens267.jpg,2
727,0,../Dataset/train/chickens/chickens268.jpg,2
728,0,../Dataset/train/chickens/chickens269.jpg,2
729,0,../Dataset/train/chickens/chickens270.jpg,2
730,0,../Dataset/train/chickens/chickens271.jpg,2
731,0,../Dataset/train/chickens/chickens272.jpg,2
732,0,../Dataset/train/chickens/chickens273.jpg,2
733,0,../Dataset/train/chickens/chickens274.jpg,2
734,0,../Dataset/train/chickens/chickens275.jpg,2
735,0,../Dataset/train/chickens/chickens276.jpg,2
736,0,../Dataset/train/chickens/chickens277.jpg,2
737,0,../Dataset/train/chickens/chickens278.jpg,2
738,0,../Dataset/train/chickens/chickens279.jpg,2
739,0,../Dataset/train/chickens/chickens280.jpg,2
740,0,../Dataset/train/chickens/chickens281.jpg,2
741,0,../Dataset/train/chickens/chickens282.jpg,2
742,0,../Dataset/train/chickens/chickens283.jpg,2
743,0,../Dataset/train/chickens/chickens284.jpg,2
